日付,年,月,日,年月
2023/10/13,2023,10 ,13,202310
2023/10/14,2023,10 ,14,202310
2023/10/15,2023,10 ,15,202310
2023/10/16,2023,10 ,16,202310
2023/10/17,2023,10 ,17,202310
2023/10/18,2023,10 ,18,202310
2023/10/19,2023,10 ,19,202310
2023/10/20,2023,10 ,20,202310
2023/10/21,2023,10 ,21,202310
2023/10/22,2023,10 ,22,202310
2023/10/23,2023,10 ,23,202310
2023/10/24,2023,10 ,24,202310
2023/10/25,2023,10 ,25,202310
2023/10/26,2023,10 ,26,202310
2023/10/27,2023,10 ,27,202310
2023/10/28,2023,10 ,28,202310
2023/10/29,2023,10 ,29,202310
2023/10/30,2023,10 ,30,202310
2023/10/31,2023,10 ,31,202310
2023/11/1,2023,11 ,1,202311
2023/11/2,2023,11 ,2,202311
2023/11/3,2023,11 ,3,202311
2023/11/4,2023,11 ,4,202311
2023/11/5,2023,11 ,5,202311
2023/11/6,2023,11 ,6,202311
2023/11/7,2023,11 ,7,202311
2023/11/8,2023,11 ,8,202311
2023/11/9,2023,11 ,9,202311
2023/11/10,2023,11 ,10,202311
2023/11/11,2023,11 ,11,202311
2023/11/12,2023,11 ,12,202311
2023/11/13,2023,11 ,13,202311
2023/11/14,2023,11 ,14,202311
2023/11/15,2023,11 ,15,202311
2023/11/16,2023,11 ,16,202311
2023/11/17,2023,11 ,17,202311
2023/11/18,2023,11 ,18,202311
2023/11/19,2023,11 ,19,202311
2023/11/20,2023,11 ,20,202311
2023/11/21,2023,11 ,21,202311
2023/11/22,2023,11 ,22,202311
2023/11/23,2023,11 ,23,202311
2023/11/24,2023,11 ,24,202311
2023/11/25,2023,11 ,25,202311
2023/11/26,2023,11 ,26,202311
2023/11/27,2023,11 ,27,202311
2023/11/28,2023,11 ,28,202311
2023/11/29,2023,11 ,29,202311
2023/11/30,2023,11 ,30,202311
2023/12/1,2023,12 ,1,202312
2023/12/2,2023,12 ,2,202312
2023/12/3,2023,12 ,3,202312
2023/12/4,2023,12 ,4,202312
2023/12/5,2023,12 ,5,202312
2023/12/6,2023,12 ,6,202312
2023/12/7,2023,12 ,7,202312
2023/12/8,2023,12 ,8,202312
2023/12/9,2023,12 ,9,202312
2023/12/10,2023,12 ,10,202312
2023/12/11,2023,12 ,11,202312
2023/12/12,2023,12 ,12,202312
2023/12/13,2023,12 ,13,202312
2023/12/14,2023,12 ,14,202312
2023/12/15,2023,12 ,15,202312
2023/12/16,2023,12 ,16,202312
2023/12/17,2023,12 ,17,202312
2023/12/18,2023,12 ,18,202312
2023/12/19,2023,12 ,19,202312
2023/12/20,2023,12 ,20,202312
2023/12/21,2023,12 ,21,202312
2023/12/22,2023,12 ,22,202312
2023/12/23,2023,12 ,23,202312
2023/12/24,2023,12 ,24,202312
2023/12/25,2023,12 ,25,202312
2023/12/26,2023,12 ,26,202312
2023/12/27,2023,12 ,27,202312
2023/12/28,2023,12 ,28,202312
2023/12/29,2023,12 ,29,202312
2023/12/30,2023,12 ,30,202312
2023/12/31,2023,12 ,31,202312
2024/1/1,2024,1 ,1,202401
2024/1/2,2024,1 ,2,202401
2024/1/3,2024,1 ,3,202401
2024/1/4,2024,1 ,4,202401
2024/1/5,2024,1 ,5,202401
2024/1/6,2024,1 ,6,202401
2024/1/7,2024,1 ,7,202401
2024/1/8,2024,1 ,8,202401
2024/1/9,2024,1 ,9,202401
2024/1/10,2024,1 ,10,202401
2024/1/11,2024,1 ,11,202401
2024/1/12,2024,1 ,12,202401
2024/1/13,2024,1 ,13,202401
2024/1/14,2024,1 ,14,202401
2024/1/15,2024,1 ,15,202401
2024/1/16,2024,1 ,16,202401
2024/1/17,2024,1 ,17,202401
2024/1/18,2024,1 ,18,202401
2024/1/19,2024,1 ,19,202401
2024/1/20,2024,1 ,20,202401
2024/1/21,2024,1 ,21,202401
2024/1/22,2024,1 ,22,202401
2024/1/23,2024,1 ,23,202401
2024/1/24,2024,1 ,24,202401
2024/1/25,2024,1 ,25,202401
2024/1/26,2024,1 ,26,202401
2024/1/27,2024,1 ,27,202401
2024/1/28,2024,1 ,28,202401
2024/1/29,2024,1 ,29,202401
2024/1/30,2024,1 ,30,202401
2024/1/31,2024,1 ,31,202401
2024/2/1,2024,2 ,1,202402
2024/2/2,2024,2 ,2,202402
2024/2/3,2024,2 ,3,202402
2024/2/4,2024,2 ,4,202402
2024/2/5,2024,2 ,5,202402
2024/2/6,2024,2 ,6,202402
2024/2/7,2024,2 ,7,202402
2024/2/8,2024,2 ,8,202402
2024/2/9,2024,2 ,9,202402
2024/2/10,2024,2 ,10,202402
2024/2/11,2024,2 ,11,202402
2024/2/12,2024,2 ,12,202402
2024/2/13,2024,2 ,13,202402
2024/2/14,2024,2 ,14,202402
2024/2/15,2024,2 ,15,202402
2024/2/16,2024,2 ,16,202402
2024/2/17,2024,2 ,17,202402
2024/2/18,2024,2 ,18,202402
2024/2/19,2024,2 ,19,202402
2024/2/20,2024,2 ,20,202402
2024/2/21,2024,2 ,21,202402
2024/2/22,2024,2 ,22,202402
2024/2/23,2024,2 ,23,202402
2024/2/24,2024,2 ,24,202402
2024/2/25,2024,2 ,25,202402
2024/2/26,2024,2 ,26,202402
2024/2/27,2024,2 ,27,202402
2024/2/28,2024,2 ,28,202402
2024/2/29,2024,2 ,29,202402
2024/3/1,2024,3 ,1,202403
2024/3/2,2024,3 ,2,202403
2024/3/3,2024,3 ,3,202403
2024/3/4,2024,3 ,4,202403
2024/3/5,2024,3 ,5,202403
2024/3/6,2024,3 ,6,202403
2024/3/7,2024,3 ,7,202403
2024/3/8,2024,3 ,8,202403
2024/3/9,2024,3 ,9,202403
2024/3/10,2024,3 ,10,202403
2024/3/11,2024,3 ,11,202403
2024/3/12,2024,3 ,12,202403
2024/3/13,2024,3 ,13,202403
2024/3/14,2024,3 ,14,202403
2024/3/15,2024,3 ,15,202403
2024/3/16,2024,3 ,16,202403
2024/3/17,2024,3 ,17,202403
2024/3/18,2024,3 ,18,202403
2024/3/19,2024,3 ,19,202403
2024/3/20,2024,3 ,20,202403
2024/3/21,2024,3 ,21,202403
2024/3/22,2024,3 ,22,202403
2024/3/23,2024,3 ,23,202403
2024/3/24,2024,3 ,24,202403
2024/3/25,2024,3 ,25,202403
2024/3/26,2024,3 ,26,202403
2024/3/27,2024,3 ,27,202403
2024/3/28,2024,3 ,28,202403
2024/3/29,2024,3 ,29,202403
2024/3/30,2024,3 ,30,202403
2024/3/31,2024,3 ,31,202403
2024/4/1,2024,4 ,1,202404
2024/4/2,2024,4 ,2,202404
2024/4/3,2024,4 ,3,202404
2024/4/4,2024,4 ,4,202404
2024/4/5,2024,4 ,5,202404
2024/4/6,2024,4 ,6,202404
2024/4/7,2024,4 ,7,202404
2024/4/8,2024,4 ,8,202404
2024/4/9,2024,4 ,9,202404
2024/4/10,2024,4 ,10,202404
2024/4/11,2024,4 ,11,202404
2024/4/12,2024,4 ,12,202404
2024/4/13,2024,4 ,13,202404
2024/4/14,2024,4 ,14,202404
2024/4/15,2024,4 ,15,202404
2024/4/16,2024,4 ,16,202404
2024/4/17,2024,4 ,17,202404
2024/4/18,2024,4 ,18,202404
2024/4/19,2024,4 ,19,202404
2024/4/20,2024,4 ,20,202404
2024/4/21,2024,4 ,21,202404
2024/4/22,2024,4 ,22,202404
2024/4/23,2024,4 ,23,202404
2024/4/24,2024,4 ,24,202404
2024/4/25,2024,4 ,25,202404
2024/4/26,2024,4 ,26,202404
2024/4/27,2024,4 ,27,202404
2024/4/28,2024,4 ,28,202404
2024/4/29,2024,4 ,29,202404
2024/4/30,2024,4 ,30,202404
2024/5/1,2024,5 ,1,202405
2024/5/2,2024,5 ,2,202405
2024/5/3,2024,5 ,3,202405
2024/5/4,2024,5 ,4,202405
2024/5/5,2024,5 ,5,202405
2024/5/6,2024,5 ,6,202405
2024/5/7,2024,5 ,7,202405
2024/5/8,2024,5 ,8,202405
2024/5/9,2024,5 ,9,202405
2024/5/10,2024,5 ,10,202405
2024/5/11,2024,5 ,11,202405
2024/5/12,2024,5 ,12,202405
2024/5/13,2024,5 ,13,202405
2024/5/14,2024,5 ,14,202405
2024/5/15,2024,5 ,15,202405
2024/5/16,2024,5 ,16,202405
2024/5/17,2024,5 ,17,202405
2024/5/18,2024,5 ,18,202405
2024/5/19,2024,5 ,19,202405
2024/5/20,2024,5 ,20,202405
2024/5/21,2024,5 ,21,202405
2024/5/22,2024,5 ,22,202405
2024/5/23,2024,5 ,23,202405
2024/5/24,2024,5 ,24,202405
2024/5/25,2024,5 ,25,202405
2024/5/26,2024,5 ,26,202405
2024/5/27,2024,5 ,27,202405
2024/5/28,2024,5 ,28,202405
2024/5/29,2024,5 ,29,202405
2024/5/30,2024,5 ,30,202405
2024/5/31,2024,5 ,31,202405
2024/6/1,2024,6 ,1,202406
2024/6/2,2024,6 ,2,202406
2024/6/3,2024,6 ,3,202406
2024/6/4,2024,6 ,4,202406
2024/6/5,2024,6 ,5,202406
2024/6/6,2024,6 ,6,202406
2024/6/7,2024,6 ,7,202406
2024/6/8,2024,6 ,8,202406
2024/6/9,2024,6 ,9,202406
2024/6/10,2024,6 ,10,202406
2024/6/11,2024,6 ,11,202406
2024/6/12,2024,6 ,12,202406
2024/6/13,2024,6 ,13,202406
2024/6/14,2024,6 ,14,202406
2024/6/15,2024,6 ,15,202406
2024/6/16,2024,6 ,16,202406
2024/6/17,2024,6 ,17,202406
2024/6/18,2024,6 ,18,202406
2024/6/19,2024,6 ,19,202406
2024/6/20,2024,6 ,20,202406
2024/6/21,2024,6 ,21,202406
2024/6/22,2024,6 ,22,202406
2024/6/23,2024,6 ,23,202406
2024/6/24,2024,6 ,24,202406
2024/6/25,2024,6 ,25,202406
2024/6/26,2024,6 ,26,202406
2024/6/27,2024,6 ,27,202406
2024/6/28,2024,6 ,28,202406
2024/6/29,2024,6 ,29,202406
2024/6/30,2024,6 ,30,202406
2024/7/1,2024,7 ,1,202407
2024/7/2,2024,7 ,2,202407
2024/7/3,2024,7 ,3,202407
2024/7/4,2024,7 ,4,202407
2024/7/5,2024,7 ,5,202407
2024/7/6,2024,7 ,6,202407
2024/7/7,2024,7 ,7,202407
2024/7/8,2024,7 ,8,202407
2024/7/9,2024,7 ,9,202407
2024/7/10,2024,7 ,10,202407
2024/7/11,2024,7 ,11,202407
2024/7/12,2024,7 ,12,202407
2024/7/13,2024,7 ,13,202407
2024/7/14,2024,7 ,14,202407
2024/7/15,2024,7 ,15,202407
2024/7/16,2024,7 ,16,202407
2024/7/17,2024,7 ,17,202407
2024/7/18,2024,7 ,18,202407
2024/7/19,2024,7 ,19,202407
2024/7/20,2024,7 ,20,202407
2024/7/21,2024,7 ,21,202407
2024/7/22,2024,7 ,22,202407
2024/7/23,2024,7 ,23,202407
2024/7/24,2024,7 ,24,202407
2024/7/25,2024,7 ,25,202407
2024/7/26,2024,7 ,26,202407
2024/7/27,2024,7 ,27,202407
2024/7/28,2024,7 ,28,202407
2024/7/29,2024,7 ,29,202407
2024/7/30,2024,7 ,30,202407
2024/7/31,2024,7 ,31,202407
2024/8/1,2024,8 ,1,202408
2024/8/2,2024,8 ,2,202408
2024/8/3,2024,8 ,3,202408
2024/8/4,2024,8 ,4,202408
2024/8/5,2024,8 ,5,202408
2024/8/6,2024,8 ,6,202408
2024/8/7,2024,8 ,7,202408
2024/8/8,2024,8 ,8,202408
2024/8/9,2024,8 ,9,202408
2024/8/10,2024,8 ,10,202408
2024/8/11,2024,8 ,11,202408
2024/8/12,2024,8 ,12,202408
2024/8/13,2024,8 ,13,202408
2024/8/14,2024,8 ,14,202408
2024/8/15,2024,8 ,15,202408
2024/8/16,2024,8 ,16,202408
2024/8/17,2024,8 ,17,202408
2024/8/18,2024,8 ,18,202408
2024/8/19,2024,8 ,19,202408
2024/8/20,2024,8 ,20,202408
2024/8/21,2024,8 ,21,202408
2024/8/22,2024,8 ,22,202408
2024/8/23,2024,8 ,23,202408
2024/8/24,2024,8 ,24,202408
2024/8/25,2024,8 ,25,202408
2024/8/26,2024,8 ,26,202408
2024/8/27,2024,8 ,27,202408
2024/8/28,2024,8 ,28,202408
2024/8/29,2024,8 ,29,202408
2024/8/30,2024,8 ,30,202408
2024/8/31,2024,8 ,31,202408
2024/9/1,2024,9 ,1,202409
2024/9/2,2024,9 ,2,202409
2024/9/3,2024,9 ,3,202409
2024/9/4,2024,9 ,4,202409
2024/9/5,2024,9 ,5,202409
2024/9/6,2024,9 ,6,202409
2024/9/7,2024,9 ,7,202409
2024/9/8,2024,9 ,8,202409
2024/9/9,2024,9 ,9,202409
2024/9/10,2024,9 ,10,202409
2024/9/11,2024,9 ,11,202409
2024/9/12,2024,9 ,12,202409
2024/9/13,2024,9 ,13,202409
2024/9/14,2024,9 ,14,202409
2024/9/15,2024,9 ,15,202409
2024/9/16,2024,9 ,16,202409
2024/9/17,2024,9 ,17,202409
2024/9/18,2024,9 ,18,202409
2024/9/19,2024,9 ,19,202409
2024/9/20,2024,9 ,20,202409
2024/9/21,2024,9 ,21,202409
2024/9/22,2024,9 ,22,202409
2024/9/23,2024,9 ,23,202409
2024/9/24,2024,9 ,24,202409
2024/9/25,2024,9 ,25,202409
2024/9/26,2024,9 ,26,202409
2024/9/27,2024,9 ,27,202409
2024/9/28,2024,9 ,28,202409
2024/9/29,2024,9 ,29,202409
2024/9/30,2024,9 ,30,202409
2024/10/1,2024,10 ,1,202410
2024/10/2,2024,10 ,2,202410
2024/10/3,2024,10 ,3,202410
2024/10/4,2024,10 ,4,202410
2024/10/5,2024,10 ,5,202410
2024/10/6,2024,10 ,6,202410
2024/10/7,2024,10 ,7,202410
2024/10/8,2024,10 ,8,202410
2024/10/9,2024,10 ,9,202410
2024/10/10,2024,10 ,10,202410
2024/10/11,2024,10 ,11,202410
2024/10/12,2024,10 ,12,202410
2024/10/13,2024,10 ,13,202410
2024/10/14,2024,10 ,14,202410
2024/10/15,2024,10 ,15,202410
2024/10/16,2024,10 ,16,202410
2024/10/17,2024,10 ,17,202410
2024/10/18,2024,10 ,18,202410
2024/10/19,2024,10 ,19,202410
2024/10/20,2024,10 ,20,202410
2024/10/21,2024,10 ,21,202410
2024/10/22,2024,10 ,22,202410
2024/10/23,2024,10 ,23,202410
2024/10/24,2024,10 ,24,202410
2024/10/25,2024,10 ,25,202410
2024/10/26,2024,10 ,26,202410
2024/10/27,2024,10 ,27,202410
2024/10/28,2024,10 ,28,202410
2024/10/29,2024,10 ,29,202410
2024/10/30,2024,10 ,30,202410
2024/10/31,2024,10 ,31,202410
2024/11/1,2024,11 ,1,202411
2024/11/2,2024,11 ,2,202411
2024/11/3,2024,11 ,3,202411
2024/11/4,2024,11 ,4,202411
2024/11/5,2024,11 ,5,202411
2024/11/6,2024,11 ,6,202411
2024/11/7,2024,11 ,7,202411
2024/11/8,2024,11 ,8,202411
2024/11/9,2024,11 ,9,202411
2024/11/10,2024,11 ,10,202411
2024/11/11,2024,11 ,11,202411
2024/11/12,2024,11 ,12,202411
2024/11/13,2024,11 ,13,202411
2024/11/14,2024,11 ,14,202411
2024/11/15,2024,11 ,15,202411
2024/11/16,2024,11 ,16,202411
2024/11/17,2024,11 ,17,202411
2024/11/18,2024,11 ,18,202411
2024/11/19,2024,11 ,19,202411
2024/11/20,2024,11 ,20,202411
2024/11/21,2024,11 ,21,202411
2024/11/22,2024,11 ,22,202411
2024/11/23,2024,11 ,23,202411
2024/11/24,2024,11 ,24,202411
2024/11/25,2024,11 ,25,202411
2024/11/26,2024,11 ,26,202411
2024/11/27,2024,11 ,27,202411
2024/11/28,2024,11 ,28,202411
2024/11/29,2024,11 ,29,202411
2024/11/30,2024,11 ,30,202411
2024/12/1,2024,12 ,1,202412
2024/12/2,2024,12 ,2,202412
2024/12/3,2024,12 ,3,202412
2024/12/4,2024,12 ,4,202412
2024/12/5,2024,12 ,5,202412
2024/12/6,2024,12 ,6,202412
2024/12/7,2024,12 ,7,202412
2024/12/8,2024,12 ,8,202412
2024/12/9,2024,12 ,9,202412
2024/12/10,2024,12 ,10,202412
2024/12/11,2024,12 ,11,202412
2024/12/12,2024,12 ,12,202412
2024/12/13,2024,12 ,13,202412
2024/12/14,2024,12 ,14,202412
2024/12/15,2024,12 ,15,202412
2024/12/16,2024,12 ,16,202412
2024/12/17,2024,12 ,17,202412
2024/12/18,2024,12 ,18,202412
2024/12/19,2024,12 ,19,202412
2024/12/20,2024,12 ,20,202412
2024/12/21,2024,12 ,21,202412
2024/12/22,2024,12 ,22,202412
2024/12/23,2024,12 ,23,202412
2024/12/24,2024,12 ,24,202412
2024/12/25,2024,12 ,25,202412
2024/12/26,2024,12 ,26,202412
2024/12/27,2024,12 ,27,202412
2024/12/28,2024,12 ,28,202412
2024/12/29,2024,12 ,29,202412
2024/12/30,2024,12 ,30,202412
2024/12/31,2024,12 ,31,202412
2025/1/1,2025,1 ,1,202501
2025/1/2,2025,1 ,2,202501
2025/1/3,2025,1 ,3,202501
2025/1/4,2025,1 ,4,202501
2025/1/5,2025,1 ,5,202501
2025/1/6,2025,1 ,6,202501
2025/1/7,2025,1 ,7,202501
2025/1/8,2025,1 ,8,202501
2025/1/9,2025,1 ,9,202501
2025/1/10,2025,1 ,10,202501
2025/1/11,2025,1 ,11,202501
2025/1/12,2025,1 ,12,202501
2025/1/13,2025,1 ,13,202501
2025/1/14,2025,1 ,14,202501
2025/1/15,2025,1 ,15,202501
